PampNec009,PampNec009
PampNec046,PampNec046
PampNec048,PampNec048
PampNec049,PampNec049
PampNec050,PampNec050
PampNec051,PampNec051
PampNec053,PampNec053
PampNec054,PampNec054
PampNec055,PampNec055
PampNec056,PampNec056
PampNec057,PampNec057
PampNec058,PampNec058
PampNec059,PampNec059
PampNec060,PampNec060
PampNec061,PampNec061
PampNec062,PampNec062
PampNec063,PampNec063
PampNec064,PampNec064
PampNec065,PampNec065
PampNec066,PampNec066
PampNec067,PampNec067
PampNec068,PampNec068
PampNec069,PampNec069
PampNec070,PampNec070
PampNec071,PampNec071
PampNec072,PampNec072
PampNec078,PampNec078
PampNec079,PampNec079
PampNec080,PampNec080
PampNec081,PampNec081
PampNec082,PampNec082
PampNec083,PampNec083
PampNec084,PampNec084
PampSab018,PampSab018
PampSab019,PampSab019
PampSab044,PampSab044
PampSab045,PampSab045
PampSab073,PampSab073
PampSab074,PampSab074
PampSab075,PampSab075
PampSab076,PampSab076
PampSab077,PampSab077
PampTri027,PampTri027
PampTri028,PampTri028
PampTri029,PampTri029
PampTri030,PampTri030
PampTri031,PampTri031
PampTri032,PampTri032
PampTri034,PampTri034
PampTri035,PampTri035
PampTri036,PampTri036
PampTri037,PampTri037
PampTri038,PampTri038
PampTri039,PampTri039
PampTri041,PampTri041
PampTri042,PampTri042
PampTri043,PampTri043
PohiBra001,PohiBra001
PohiBra002,PohiBra002
PohiBra003,PohiBra003
PohiBra004,PohiBra004
PohiBra005,PohiBra005
PohiBra034,PohiBra034
PohiBra035,PohiBra035
PohiBra036,Delete
PohiBra037,PohiBra037
PohiBra038,PohiBra038
PohiBra039,PohiBra039
PohiBra040,PohiBra040
PohiBra041,PohiBra041
PohiBra042,PohiBra042
PohiBra043,PohiBra043
PohiBra044,PohiBra044
PohiBra045,PohiBra045
PohiBra061,PohiBra061
PohiBra062,PohiBra062
PohiBra063,PohiBra063
PohiBra064,PohiBra064
PohiBra065,PohiBra065
PohiBra066,PohiBra066
PohiBra067,PohiBra067
PohiBra068,PohiBra068
PohiBra070,PohiBra070
PohiBra071,PohiBra071
PohiBra072,PohiBra072
PohiBra073,PohiBra073
PohiBra074,PohiBra074
PohiBra075,PohiBra075
PohiBra076,PohiBra076
PstrBra077,PstrBra077
PstrBra078,PstrBra078
PstrBra079,PstrBra079
